{"sec": {"ABS": 2.114362115605858e-05, "INT": 0.00035726501041634276, "RWK": 0.0011268306333758278, "PDI": 0.0008301980659805355, "DAT": 0.0005052703585087528, "MET": 0.0035026895929852926, "EXP": 0.0012067410839215198, "RES": 0.0007798264979322783, "TNF": 0.00032617144989272723, "ANA": 0.0003460713286278412, "FWK": 5.783402257392494e-05, "OAL": 0.0006358633127079382, "BIB": 0.00017350206772177482, "EXT": 0.00013059295419918534}, "asp": {"APR": 8.699319871355512e-05, "NOV": 0.00040596826066325724, "IMP": 0.0004323298360310012, "CMP": 0.001054463014709759, "PNF": 0.0005541203142299784, "REC": 0.0001782042494859493, "EMP": 0.005597616913586756, "SUB": 0.0009600885748932357, "CLA": 0.0007302156376865082}}